{
    "ソ,ミ,ミ": {
        "ファ": 0.22727272727272727,
        "ミ": 0.3181818181818182,
        "レ": 0.45454545454545453
    },
    "ミ,ミ,ファ": {
        "レ": 0.23076923076923078,
        "ソ": 0.15384615384615385,
        "ミ": 0.46153846153846156,
        "ファ": 0.15384615384615385
    },
    "ミ,ファ,レ": {
        "レ": 0.75,
        "ミ": 0.25
    },
    "ファ,レ,レ": {
        "ド": 0.2,
        "レ": 0.4,
        "ミ": 0.4
    },
    "レ,レ,ド": {
        "レ": 0.4666666666666667,
        "ミ": 0.2,
        "ソ": 0.06666666666666667,
        "ド": 0.2,
        "ラ": 0.06666666666666667
    },
    "レ,ド,レ": {
        "ミ": 0.6363636363636364,
        "ド": 0.09090909090909091,
        "レ": 0.18181818181818182,
        "ソ": 0.09090909090909091
    },
    "ド,レ,ミ": {
        "ファ": 0.1951219512195122,
        "ド": 0.21951219512195122,
        "ミ": 0.1951219512195122,
        "ラ": 0.024390243902439025,
        "ソ": 0.2682926829268293,
        "レ": 0.0975609756097561
    },
    "レ,ミ,ファ": {
        "ソ": 0.3888888888888889,
        "ミ": 0.2222222222222222,
        "ファ": 0.3333333333333333,
        "レ": 0.05555555555555555
    },
    "ミ,ファ,ソ": {
        "ソ": 0.125,
        "ミ": 0.3125,
        "ラ": 0.4375,
        "ド": 0.0625,
        "レ": 0.0625
    },
    "ファ,ソ,ソ": {
        "ソ": 0.5,
        "ミ": 0.5
    },
    "ソ,ソ,ソ": {
        "ソ": 0.4166666666666667,
        "ミ": 0.3333333333333333,
        "ファ": 0.08333333333333333,
        "ド": 0.125,
        "ラ": 0.041666666666666664
    },
    "ソ,ソ,ミ": {
        "ミ": 0.4666666666666667,
        "ラ": 0.06666666666666667,
        "レ": 0.2,
        "ド": 0.2,
        "ソ": 0.06666666666666667
    },
    "ミ,ミ,ミ": {
        "ファ": 0.29411764705882354,
        "レ": 0.29411764705882354,
        "ミ": 0.17647058823529413,
        "ソ": 0.11764705882352941,
        "ド": 0.058823529411764705,
        "ラ": 0.058823529411764705
    },
    "レ,レ,レ": {
        "ド": 0.35714285714285715,
        "レ": 0.35714285714285715,
        "ミ": 0.2857142857142857
    },
    "レ,ド,ミ": {
        "ソ": 0.6,
        "ミ": 0.2,
        "ファ": 0.2
    },
    "ド,ミ,ソ": {
        "ソ": 0.5,
        "ド": 0.5
    },
    "ミ,ソ,ソ": {
        "ミ": 0.36363636363636365,
        "ラ": 0.2727272727272727,
        "ソ": 0.18181818181818182,
        "レ": 0.18181818181818182
    },
    "ミ,ミ,レ": {
        "レ": 0.46153846153846156,
        "ミ": 0.15384615384615385,
        "ソ": 0.11538461538461539,
        "ファ": 0.038461538461538464,
        "ド": 0.23076923076923078
    },
    "ミ,レ,レ": {
        "レ": 0.2,
        "ラ": 0.06666666666666667,
        "ミ": 0.13333333333333333,
        "ド": 0.6
    },
    "レ,レ,ミ": {
        "ファ": 0.45454545454545453,
        "ミ": 0.45454545454545453,
        "レ": 0.09090909090909091
    },
    "ミ,ファ,ミ": {
        "ミ": 0.09090909090909091,
        "レ": 0.9090909090909091
    },
    "ファ,ミ,ミ": {
        "ミ": 0.2,
        "レ": 0.8
    },
    "ファ,ミ,レ": {
        "ド": 0.5263157894736842,
        "ファ": 0.15789473684210525,
        "レ": 0.05263157894736842,
        "ミ": 0.05263157894736842,
        "シ": 0.10526315789473684,
        "＃ド": 0.10526315789473684
    },
    "ミ,レ,ド": {
        "ソ": 0.16,
        "ミ": 0.08,
        "ド": 0.28,
        "レ": 0.4,
        "ラ": 0.08
    },
    "レ,ド,ソ": {
        "ミ": 0.8,
        "ソ": 0.2
    },
    "ド,ソ,ミ": {
        "ミ": 0.7142857142857143,
        "レ": 0.14285714285714285,
        "ソ": 0.14285714285714285
    },
    "ミ,レ,ミ": {
        "ミ": 0.3333333333333333,
        "ファ": 0.4166666666666667,
        "ラ": 0.08333333333333333,
        "ド": 0.08333333333333333,
        "レ": 0.08333333333333333
    },
    "レ,ミ,ミ": {
        "ソ": 0.4444444444444444,
        "ミ": 0.2222222222222222,
        "ファ": 0.16666666666666666,
        "レ": 0.1111111111111111,
        "ド": 0.05555555555555555
    },
    "ミ,ミ,ソ": {
        "ソ": 0.5833333333333334,
        "ド": 0.08333333333333333,
        "ラ": 0.25,
        "ミ": 0.08333333333333333
    },
    "ソ,ソ,ラ": {
        "ラ": 0.4666666666666667,
        "シ": 0.06666666666666667,
        "ソ": 0.4666666666666667
    },
    "ソ,ラ,ラ": {
        "ラ": 0.16666666666666666,
        "シ": 0.1111111111111111,
        "ソ": 0.5555555555555556,
        "レ": 0.16666666666666666
    },
    "ラ,ラ,ラ": {
        "ド": 1.0
    },
    "ラ,ラ,ド": {
        "ミ": 0.5,
        "ラ": 0.5
    },
    "ラ,ド,ミ": {
        "ミ": 1.0
    },
    "ド,ミ,ミ": {
        "ソ": 0.4,
        "ミ": 0.4,
        "レ": 0.2
    },
    "ミ,レ,ソ": {
        "ミ": 0.5,
        "ド": 0.25,
        "ソ": 0.25
    },
    "レ,ソ,ミ": {
        "ラ": 0.6666666666666666,
        "レ": 0.3333333333333333
    },
    "ソ,ミ,ラ": {
        "ソ": 1.0
    },
    "ミ,ラ,ソ": {
        "ソ": 0.4,
        "シ": 0.2,
        "ミ": 0.4
    },
    "ラ,ソ,ソ": {
        "ラ": 0.3333333333333333,
        "ソ": 0.5,
        "ド": 0.08333333333333333,
        "ミ": 0.08333333333333333
    },
    "ラ,ラ,シ": {
        "シ": 1.0
    },
    "ラ,シ,シ": {
        "ド": 0.42857142857142855,
        "ミ": 0.42857142857142855,
        "ソ": 0.14285714285714285
    },
    "シ,シ,ド": {
        "ソ": 0.25,
        "ミ": 0.25,
        "レ": 0.5
    },
    "シ,ド,ソ": {
        "ミ": 0.5,
        "ド": 0.5
    },
    "レ,ミ,ド": {
        "ミ": 0.3333333333333333,
        "ラ": 0.1111111111111111,
        "レ": 0.3333333333333333,
        "ド": 0.1111111111111111,
        "ソ": 0.1111111111111111
    },
    "ミ,ド,ミ": {
        "ド": 0.5,
        "レ": 0.5
    },
    "ド,ミ,ド": {
        "ミ": 0.75,
        "ド": 0.25
    },
    "ド,ミ,レ": {
        "ミ": 0.75,
        "ド": 0.25
    },
    "ミ,ファ,ファ": {
        "ミ": 0.5555555555555556,
        "ファ": 0.4444444444444444
    },
    "ファ,ファ,ミ": {
        "レ": 0.4375,
        "ミ": 0.5625
    },
    "ミ,レ,ファ": {
        "ミ": 0.8,
        "ファ": 0.2
    },
    "レ,ファ,ミ": {
        "ファ": 0.75,
        "ラ": 0.25
    },
    "ファ,ミ,ファ": {
        "ソ": 1.0
    },
    "ファ,ソ,ミ": {
        "ソ": 0.8,
        "ド": 0.2
    },
    "ソ,ミ,ソ": {
        "ミ": 0.47058823529411764,
        "ファ": 0.17647058823529413,
        "ド": 0.11764705882352941,
        "レ": 0.058823529411764705,
        "ソ": 0.11764705882352941,
        "ラ": 0.058823529411764705
    },
    "ミ,ソ,ミ": {
        "ソ": 0.3333333333333333,
        "レ": 0.4666666666666667,
        "ファ": 0.06666666666666667,
        "ミ": 0.13333333333333333
    },
    "ミ,ソ,ファ": {
        "ソ": 1.0
    },
    "ソ,ファ,ソ": {
        "ラ": 1.0
    },
    "ファ,ソ,ラ": {
        "ラ": 0.6,
        "シ": 0.2,
        "ソ": 0.2
    },
    "ラ,ラ,ソ": {
        "ファ": 0.5,
        "ミ": 0.14285714285714285,
        "ラ": 0.07142857142857142,
        "ソ": 0.14285714285714285,
        "ド": 0.07142857142857142,
        "レ": 0.07142857142857142
    },
    "ラ,ソ,ファ": {
        "ラ": 0.3,
        "ミ": 0.4,
        "ファ": 0.3
    },
    "ソ,ファ,ラ": {
        "ソ": 1.0
    },
    "ファ,ラ,ソ": {
        "ド": 1.0
    },
    "ラ,ソ,ド": {
        "レ": 0.36363636363636365,
        "ド": 0.45454545454545453,
        "ミ": 0.18181818181818182
    },
    "ソ,ド,レ": {
        "ミ": 0.7142857142857143,
        "ド": 0.2857142857142857
    },
    "ラ,ラ,レ": {
        "ミ": 1.0
    },
    "ラ,レ,ミ": {
        "＃ファ": 1.0
    },
    "レ,ミ,＃ファ": {
        "ソ": 1.0
    },
    "ミ,＃ファ,ソ": {
        "ラ": 0.75,
        "ソ": 0.25
    },
    "＃ファ,ソ,ラ": {
        "シ": 1.0
    },
    "ソ,ラ,シ": {
        "シ": 0.5,
        "ド": 0.5
    },
    "シ,シ,ミ": {
        "＃ファ": 1.0
    },
    "シ,ミ,＃ファ": {
        "＃ソ": 1.0
    },
    "ミ,＃ファ,＃ソ": {
        "ラ": 1.0
    },
    "＃ファ,＃ソ,ラ": {
        "シ": 1.0
    },
    "＃ソ,ラ,シ": {
        "ド": 1.0
    },
    "ラ,シ,ド": {
        "シ": 0.5,
        "ド": 0.16666666666666666,
        "レ": 0.16666666666666666,
        "ソ": 0.16666666666666666
    },
    "シ,ド,シ": {
        "♭シ": 1.0
    },