{
    "ソ,ミ,ミ": {
        "ファ": 0.2,
        "ミ": 0.8
    },
    "ミ,ミ,ファ": {
        "レ": 0.75,
        "ソ": 0.25
    },
    "ミ,ファ,レ": {
        "レ": 1.0
    },
    "ファ,レ,レ": {
        "ド": 0.3333333333333333,
        "レ": 0.6666666666666666
    },
    "レ,レ,ド": {
        "レ": 0.3333333333333333,
        "ミ": 0.6666666666666666
    },
    "レ,ド,レ": {
        "ミ": 1.0
    },
    "ド,レ,ミ": {
        "ファ": 1.0
    },
    "レ,ミ,ファ": {
        "ソ": 0.5,
        "ミ": 0.5
    },
    "ミ,ファ,ソ": {
        "ソ": 1.0
    },
    "ファ,ソ,ソ": {
        "ソ": 0.5,
        "ミ": 0.5
    },
    "ソ,ソ,ソ": {
        "ソ": 0.5,
        "ミ": 0.5
    },
    "ソ,ソ,ミ": {
        "ミ": 1.0
    },
    "ミ,ミ,ミ": {
        "ファ": 0.5,
        "レ": 0.16666666666666666,
        "ミ": 0.3333333333333333
    },
    "レ,レ,レ": {
        "ド": 0.4,
        "レ": 0.4,
        "ミ": 0.2
    },
    "レ,ド,ミ": {
        "ソ": 1.0
    },
    "ド,ミ,ソ": {
        "ソ": 1.0
    },
    "ミ,ソ,ソ": {
        "ミ": 1.0
    },
    "ミ,ミ,レ": {
        "レ": 1.0
    },
    "ミ,レ,レ": {
        "レ": 1.0
    },
    "レ,レ,ミ": {
        "ファ": 1.0
    },
    "ミ,ファ,ミ": {
        "ミ": 1.0
    },
    "ファ,ミ,ミ": {
        "ミ": 1.0
    }
}