{
    "ソ,ソ": {
        "ソ": 0.8181818181818182,
        "ド": 0.18181818181818182
    },
    "ソ,ド": {
        "ド": 1.0
    },
    "ド,ド": {
        "ラ": 0.26666666666666666,
        "シ": 0.06666666666666667,
        "ド": 0.5,
        "ソ": 0.03333333333333333,
        "レ": 0.1,
        "ファ": 0.03333333333333333
    },
    "ド,ラ": {
        "シ": 0.2222222222222222,
        "ド": 0.5555555555555556,
        "ソ": 0.1111111111111111,
        "ラ": 0.1111111111111111
    },
    "ラ,シ": {
        "ラ": 1.0
    },
    "シ,ラ": {
        "ソ": 0.6666666666666666,
        "ラ": 0.3333333333333333
    },
    "ラ,ソ": {
        "ラ": 0.42857142857142855,
        "ソ": 0.14285714285714285,
        "ファ": 0.14285714285714285,
        "ド": 0.2857142857142857
    },
    "ソ,ラ": {
        "ファ": 0.25,
        "ラ": 0.25,
        "ソ": 0.5
    },
    "ラ,ファ": {
        "ファ": 1.0
    },
    "ファ,ファ": {
        "ファ": 0.6666666666666666,
        "ド": 0.13333333333333333,
        "ミ": 0.2
    },
    "ファ,ド": {
        "ド": 0.3333333333333333,
        "シ": 0.3333333333333333,
        "ラ": 0.3333333333333333
    },
    "ド,シ": {
        "シ": 0.3333333333333333,
        "ド": 0.6666666666666666
    },
    "シ,シ": {
        "ラ": 0.07692307692307693,
        "シ": 0.7692307692307693,
        "ド": 0.15384615384615385
    },
    "ラ,ラ": {
        "ソ": 0.6666666666666666,
        "ファ": 0.3333333333333333
    },
    "ソ,ファ": {
        "ファ": 1.0
    },
    "シ,ド": {
        "ド": 0.25,
        "レ": 0.75
    },
    "ラ,ド": {
        "ド": 0.6,
        "レ": 0.4
    },
    "ド,レ": {
        "ド": 0.5,
        "ミ": 0.2,
        "レ": 0.3
    },
    "レ,ド": {
        "ド": 0.875,
        "レ": 0.125
    },
    "ド,ソ": {
        "ラ": 1.0
    },
    "レ,ミ": {
        "ミ": 0.2,
        "ファ": 0.6,
        "レ": 0.2
    },
    "ミ,ミ": {
        "レ": 1.0
    },
    "ミ,レ": {
        "ミ": 0.4,
        "シ": 0.4,
        "ド": 0.2
    },
    "ミ,ファ": {
        "ファ": 0.6666666666666666,
        "ソ": 0.3333333333333333
    },
    "ファ,ミ": {
        "レ": 1.0
    },
    "レ,シ": {
        "シ": 1.0
    },
    "レ,レ": {
        "レ": 0.6666666666666666,
        "ド": 0.2222222222222222,
        "ミ": 0.1111111111111111
    },
    "ド,ファ": {
        "ド": 1.0
    },
    "ファ,ソ": {
        "ミ": 1.0
    },
    "ソ,ミ": {
        "ド": 1.0
    },
    "ミ,ド": {
        "レ": 1.0
    }
}