{
    "start": {
        "ソ": {
            "ミ": 0.43283582089552236,
            "ソ": 0.29850746268656714,
            "ド": 0.1044776119402985,
            "ファ": 0.05970149253731343,
            "ラ": 0.07462686567164178,
            "シ": 0.014925373134328358,
            "レ": 0.014925373134328358
        },
        "ファ": {
            "レ": 0.23333333333333334,
            "ミ": 0.23333333333333334,
            "ソ": 0.13333333333333333,
            "ファ": 0.36666666666666664,
            "ド": 0.03333333333333333
        },
        "ド": {
            "レ": 0.3548387096774194,
            "ミ": 0.11290322580645161,
            "シ": 0.08064516129032258,
            "ド": 0.3870967741935484,
            "ソ": 0.03225806451612903,
            "ラ": 0.03225806451612903
        },
        "ミ": {
            "ミ": 0.41818181818181815,
            "ファ": 0.09090909090909091,
            "ド": 0.12727272727272726,
            "ソ": 0.16363636363636364,
            "ラ": 0.03636363636363636,
            "レ": 0.16363636363636364
        },
        "レ": {
            "レ": 0.5806451612903226,
            "ミ": 0.25806451612903225,
            "ファ": 0.06451612903225806,
            "ド": 0.03225806451612903,
            "ソ": 0.03225806451612903,
            "＃ド": 0.03225806451612903
        },
        "ラ": {
            "ラ": 0.34210526315789475,
            "ソ": 0.21052631578947367,
            "レ": 0.10526315789473684,
            "ファ": 0.15789473684210525,
            "シ": 0.13157894736842105,
            "ド": 0.05263157894736842
        },
        "シ": {
            "ミ": 0.5,
            "シ": 0.5
        }
    },
    "middle": {
        "ミ": {
            "ミ": 0.3194444444444444,
            "ファ": 0.125,
            "ソ": 0.1527777777777778,
            "レ": 0.2638888888888889,
            "ド": 0.08333333333333333,
            "＃ファ": 0.04861111111111111,
            "ラ": 0.006944444444444444
        },
        "レ": {
            "レ": 0.19827586206896552,
            "ミ": 0.3793103448275862,
            "ド": 0.3620689655172414,
            "ソ": 0.017241379310344827,
            "ラ": 0.017241379310344827,
            "＃ド": 0.017241379310344827,
            "ファ": 0.008620689655172414
        },
        "ソ": {
            "ソ": 0.38235294117647056,
            "ミ": 0.19607843137254902,
            "ラ": 0.2549019607843137,
            "ファ": 0.058823529411764705,
            "ド": 0.08823529411764706,
            "レ": 0.0196078431372549
        },
        "ファ": {
            "ソ": 0.1935483870967742,
            "ファ": 0.3870967741935484,
            "ミ": 0.27419354838709675,
            "シ": 0.04838709677419355,
            "ラ": 0.016129032258064516,
            "レ": 0.016129032258064516,
            "ド": 0.06451612903225806
        },
        "ラ": {
            "ラ": 0.1791044776119403,
            "シ": 0.1791044776119403,
            "ソ": 0.5223880597014925,
            "ド": 0.08955223880597014,
            "＃ファ": 0.014925373134328358,
            "ファ": 0.014925373134328358
        },
        "シ": {
            "シ": 0.4375,
            "♭シ": 0.09375,
            "ソ": 0.09375,
            "ラ": 0.21875,
            "ド": 0.15625
        },
        "ド": {
            "ミ": 0.057692307692307696,
            "レ": 0.2692307692307692,
            "シ": 0.038461538461538464,
            "ラ": 0.19230769230769232,
            "ド": 0.3942307692307692,
            "ソ": 0.04807692307692308
        },
        "＃ファ": {
            "ソ": 0.5714285714285714,
            "＃ソ": 0.42857142857142855
        },
        "＃ソ": {
            "ラ": 1.0
        },
        "＃ド": {
            "レ": 1.0
        }
    },
    "end": {
        "ミ": {
            "ミ": 0.40298507462686567,
            "ファ": 0.07462686567164178,
            "ド": 0.13432835820895522,
            "レ": 0.16417910447761194,
            "ソ": 0.19402985074626866,
            "ラ": 0.014925373134328358,
            "＃ファ": 0.014925373134328358
        },
        "レ": {
            "レ": 0.14583333333333334,
            "ド": 0.4791666666666667,
            "ミ": 0.3125,
            "ソ": 0.020833333333333332,
            "ラ": 0.020833333333333332,
            "ファ": 0.020833333333333332
        },
        "ソ": {
            "ソ": 0.375,
            "ミ": 0.2857142857142857,
            "ファ": 0.05357142857142857,
            "ド": 0.16071428571428573,
            "ラ": 0.08928571428571429,
            "レ": 0.03571428571428571
        },
        "ファ": {
            "ソ": 0.2631578947368421,
            "ファ": 0.3157894736842105,
            "レ": 0.15789473684210525,
            "ミ": 0.21052631578947367,
            "ド": 0.05263157894736842
        },
        "ラ": {
            "ラ": 0.1111111111111111,
            "シ": 0.2777777777777778,
            "ファ": 0.027777777777777776,
            "ド": 0.027777777777777776,
            "ソ": 0.5555555555555556
        },
        "シ": {
            "シ": 0.25,
            "♭シ": 0.1875,
            "ソ": 0.1875,
            "ラ": 0.1875,
            "ド": 0.1875
        },
        "ド": {
            "ミ": 0.09090909090909091,
            "レ": 0.3409090909090909,
            "ド": 0.25,
            "ラ": 0.29545454545454547,
            "シ": 0.022727272727272728
        },
        "＃ファ": {
            "ソ": 1.0
        },
        "＃ド": {
            "レ": 1.0
        }
    }
}