{
    "prefix_counts": {
        "('ソ',)": 238,
        "('ミ',)": 269,
        "('ファ',)": 112,
        "('レ',)": 201,
        "('ド',)": 226,
        "('ラ',)": 138,
        "('シ',)": 53,
        "('＃ファ',)": 8,
        "('＃ソ',)": 3,
        "('♭シ',)": 3,
        "('＃ド',)": 3
    },
    "transition_probabilities": {
        "('ソ',)": {
            "ミ": 0.2689075630252101,
            "ソ": 0.2689075630252101,
            "ラ": 0.2184873949579832,
            "ファ": 0.07142857142857142,
            "ド": 0.14285714285714285,
            "レ": 0.025210084033613446,
            "シ": 0.004201680672268907
        },
        "('ミ',)": {
            "ミ": 0.27137546468401486,
            "ファ": 0.14869888475836432,
            "ソ": 0.17100371747211895,
            "レ": 0.26022304832713755,
            "ラ": 0.026022304832713755,
            "ド": 0.09665427509293681,
            "＃ファ": 0.026022304832713755
        },
        "('ファ',)": {
            "レ": 0.07142857142857142,
            "ソ": 0.16964285714285715,
            "ミ": 0.33035714285714285,
            "ファ": 0.3125,
            "ラ": 0.044642857142857144,
            "シ": 0.026785714285714284,
            "ド": 0.044642857142857144
        },
        "('レ',)": {
            "レ": 0.21393034825870647,
            "ド": 0.3034825870646766,
            "ミ": 0.35323383084577115,
            "ソ": 0.04975124378109453,
            "ファ": 0.04477611940298507,
            "ラ": 0.009950248756218905,
            "シ": 0.009950248756218905,
            "＃ド": 0.014925373134328358
        },
        "('ド',)": {
            "レ": 0.29646017699115046,
            "ミ": 0.07964601769911504,
            "ソ": 0.07964601769911504,
            "シ": 0.04424778761061947,
            "ド": 0.3495575221238938,
            "ラ": 0.13716814159292035,
            "ファ": 0.01327433628318584
        },
        "('ラ',)": {
            "ラ": 0.2028985507246377,
            "ド": 0.10869565217391304,
            "ソ": 0.47101449275362317,
            "シ": 0.12318840579710146,
            "レ": 0.028985507246376812,
            "ファ": 0.057971014492753624,
            "＃ファ": 0.007246376811594203
        },
        "('シ',)": {
            "シ": 0.37735849056603776,
            "ド": 0.3018867924528302,
            "ミ": 0.05660377358490566,
            "♭シ": 0.05660377358490566,
            "ソ": 0.07547169811320754,
            "ラ": 0.1320754716981132
        },
        "('＃ファ',)": {
            "ソ": 0.625,
            "＃ソ": 0.375
        },
        "('＃ソ',)": {
            "ラ": 1.0
        },
        "('♭シ',)": {
            "ラ": 1.0
        },
        "('＃ド',)": {
            "レ": 1.0
        }
    }
}