{
  "prefix_counts": {
    "ソ": 169,
    "ミ": 199,
    "ファ": 92,
    "レ": 147,
    "ド": 166,
    "ラ": 105,
    "シ": 38,
    "＃ファ": 7,
    "＃ソ": 3,
    "＃ド": 3
  },
  "transition_probabilities": {
    "ソ": {
      "ミ": 0.28994082840236685,
      "ソ": 0.34911242603550297,
      "ラ": 0.1834319526627219,
      "ファ": 0.05917159763313609,
      "ド": 0.09467455621301775,
      "レ": 0.01775147928994083,
      "シ": 0.005917159763313609
    },
    "ミ": {
      "ミ": 0.34673366834170855,
      "ファ": 0.11557788944723618,
      "ソ": 0.15577889447236182,
      "レ": 0.23618090452261306,
      "ド": 0.09547738693467336,
      "＃ファ": 0.035175879396984924,
      "ラ": 0.01507537688442211
    },
    "ファ": {
      "レ": 0.08695652173913043,
      "ソ": 0.17391304347826086,
      "ミ": 0.2608695652173913,
      "ファ": 0.3804347826086957,
      "シ": 0.03260869565217391,
      "ラ": 0.010869565217391304,
      "ド": 0.05434782608695652
    },
    "レ": {
      "レ": 0.2789115646258503,
      "ミ": 0.35374149659863946,
      "ド": 0.2925170068027211,
      "ファ": 0.02040816326530612,
      "ソ": 0.02040816326530612,
      "ラ": 0.013605442176870748,
      "＃ド": 0.02040816326530612
    },
    "ド": {
      "レ": 0.30120481927710846,
      "ミ": 0.0783132530120482,
      "シ": 0.05421686746987952,
      "ド": 0.39156626506024095,
      "ソ": 0.04216867469879518,
      "ラ": 0.13253012048192772
    },
    "ラ": {
      "ラ": 0.23809523809523808,
      "ソ": 0.4095238095238095,
      "シ": 0.1619047619047619,
      "レ": 0.0380952380952381,
      "ファ": 0.06666666666666667,
      "ド": 0.0761904761904762,
      "＃ファ": 0.009523809523809525
    },
    "シ": {
      "シ": 0.4473684210526316,
      "ミ": 0.07894736842105263,
      "♭シ": 0.07894736842105263,
      "ソ": 0.07894736842105263,
      "ラ": 0.18421052631578946,
      "ド": 0.13157894736842105
    },
    "＃ファ": {
      "ソ": 0.5714285714285714,
      "＃ソ": 0.42857142857142855
    },
    "＃ソ": {
      "ラ": 1.0
    },
    "＃ド": {
      "レ": 1.0
    }
  }
}
