{
    "prefix_counts": {
        "('ソ', 'ミ')": 64,
        "('ミ', 'ミ')": 72,
        "('ミ', 'ファ')": 40,
        "('ファ', 'レ')": 8,
        "('レ', 'レ')": 43,
        "('レ', 'ド')": 54,
        "('ド', 'レ')": 67,
        "('レ', 'ミ')": 71,
        "('ファ', 'ソ')": 19,
        "('ソ', 'ソ')": 64,
        "('ド', 'ミ')": 18,
        "('ミ', 'ソ')": 46,
        "('ミ', 'レ')": 70,
        "('ファ', 'ミ')": 37,
        "('ド', 'ソ')": 18,
        "('ソ', 'ラ')": 52,
        "('ラ', 'ラ')": 28,
        "('ラ', 'ド')": 15,
        "('レ', 'ソ')": 10,
        "('ミ', 'ラ')": 7,
        "('ラ', 'ソ')": 64,
        "('ラ', 'シ')": 17,
        "('シ', 'シ')": 20,
        "('シ', 'ド')": 14,
        "('ミ', 'ド')": 24,
        "('ファ', 'ファ')": 35,
        "('レ', 'ファ')": 9,
        "('ソ', 'ファ')": 17,
        "('ファ', 'ラ')": 5,
        "('ソ', 'ド')": 29,
        "('ラ', 'レ')": 4,
        "('ミ', '＃ファ')": 7,
        "('＃ファ', 'ソ')": 5,
        "('シ', 'ミ')": 3,
        "('＃ファ', '＃ソ')": 3,
        "('＃ソ', 'ラ')": 3,
        "('ド', 'シ')": 10,
        "('シ', '♭シ')": 3,
        "('♭シ', 'ラ')": 3,
        "('ラ', 'ファ')": 8,
        "('ファ', 'シ')": 3,
        "('シ', 'ソ')": 4,
        "('ド', 'ド')": 77,
        "('シ', 'ラ')": 7,
        "('ソ', 'レ')": 6,
        "('ド', 'ラ')": 31,
        "('ド', 'ファ')": 3,
        "('レ', 'ラ')": 2,
        "('ソ', 'シ')": 1,
        "('ラ', '＃ファ')": 1,
        "('ファ', 'ド')": 5,
        "('レ', 'シ')": 2,
        "('レ', '＃ド')": 3,
        "('＃ド', 'レ')": 3
    },
    "transition_probabilities": {
        "('ソ', 'ミ')": {
            "ミ": 0.34375,
            "ラ": 0.046875,
            "ソ": 0.265625,
            "ファ": 0.0625,
            "ド": 0.09375,
            "レ": 0.1875
        },
        "('ミ', 'ミ')": {
            "ファ": 0.18055555555555555,
            "ミ": 0.25,
            "レ": 0.3611111111111111,
            "ソ": 0.16666666666666666,
            "ド": 0.027777777777777776,
            "ラ": 0.013888888888888888
        },
        "('ミ', 'ファ')": {
            "レ": 0.1,
            "ソ": 0.4,
            "ミ": 0.275,
            "ファ": 0.225
        },
        "('ファ', 'レ')": {
            "レ": 0.625,
            "ソ": 0.25,
            "ミ": 0.125
        },
        "('レ', 'レ')": {
            "ド": 0.3953488372093023,
            "レ": 0.32558139534883723,
            "ミ": 0.2558139534883721,
            "ラ": 0.023255813953488372
        },
        "('レ', 'ド')": {
            "レ": 0.4074074074074074,
            "ミ": 0.09259259259259259,
            "ソ": 0.09259259259259259,
            "ド": 0.2777777777777778,
            "ラ": 0.12962962962962962
        },
        "('ド', 'レ')": {
            "ミ": 0.6119402985074627,
            "ソ": 0.05970149253731343,
            "ド": 0.19402985074626866,
            "ラ": 0.014925373134328358,
            "レ": 0.11940298507462686
        },
        "('レ', 'ミ')": {
            "ファ": 0.2535211267605634,
            "ミ": 0.2535211267605634,
            "ド": 0.15492957746478872,
            "＃ファ": 0.056338028169014086,
            "ラ": 0.028169014084507043,
            "ソ": 0.15492957746478872,
            "レ": 0.09859154929577464
        },
        "('ファ', 'ソ')": {
            "ソ": 0.10526315789473684,
            "ミ": 0.2631578947368421,
            "ラ": 0.5263157894736842,
            "ド": 0.05263157894736842,
            "レ": 0.05263157894736842
        },
        "('ソ', 'ソ')": {
            "ソ": 0.375,
            "ミ": 0.234375,
            "ラ": 0.234375,
            "レ": 0.03125,
            "ファ": 0.0625,
            "ド": 0.0625
        },
        "('ド', 'ミ')": {
            "ソ": 0.2222222222222222,
            "ミ": 0.2777777777777778,
            "ド": 0.2222222222222222,
            "レ": 0.2222222222222222,
            "ファ": 0.05555555555555555
        },
        "('ミ', 'ソ')": {
            "ソ": 0.2391304347826087,
            "ミ": 0.32608695652173914,
            "ファ": 0.06521739130434782,
            "ド": 0.15217391304347827,
            "レ": 0.021739130434782608,
            "ラ": 0.1956521739130435
        },
        "('ミ', 'レ')": {
            "レ": 0.21428571428571427,
            "ド": 0.4142857142857143,
            "ミ": 0.17142857142857143,
            "ソ": 0.05714285714285714,
            "ファ": 0.07142857142857142,
            "シ": 0.02857142857142857,
            "＃ド": 0.04285714285714286
        },
        "('ファ', 'ミ')": {
            "ミ": 0.2702702702702703,
            "レ": 0.5135135135135135,
            "ファ": 0.10810810810810811,
            "ド": 0.05405405405405406,
            "ソ": 0.02702702702702703,
            "ラ": 0.02702702702702703
        },
        "('ド', 'ソ')": {
            "ミ": 0.3888888888888889,
            "ド": 0.05555555555555555,
            "ソ": 0.4444444444444444,
            "ラ": 0.1111111111111111
        },
        "('ソ', 'ラ')": {
            "ラ": 0.34615384615384615,
            "シ": 0.11538461538461539,
            "ソ": 0.46153846153846156,
            "ファ": 0.038461538461538464,
            "ド": 0.038461538461538464
        },
        "('ラ', 'ラ')": {
            "ラ": 0.14285714285714285,
            "ド": 0.14285714285714285,
            "シ": 0.07142857142857142,
            "ソ": 0.5,
            "レ": 0.10714285714285714,
            "ファ": 0.03571428571428571
        },
        "('ラ', 'ド')": {
            "ミ": 0.13333333333333333,
            "ソ": 0.06666666666666667,
            "レ": 0.2,
            "ラ": 0.13333333333333333,
            "ド": 0.4666666666666667
        },
        "('レ', 'ソ')": {
            "ミ": 0.3,
            "ド": 0.2,
            "ラ": 0.2,
            "ソ": 0.3
        },
        "('ミ', 'ラ')": {
            "ソ": 0.7142857142857143,
            "ラ": 0.14285714285714285,
            "シ": 0.14285714285714285
        },
        "('ラ', 'ソ')": {
            "ソ": 0.1875,
            "ファ": 0.15625,
            "ド": 0.21875,
            "ミ": 0.21875,
            "シ": 0.015625,
            "レ": 0.03125,
            "ラ": 0.171875
        },
        "('ラ', 'シ')": {
            "シ": 0.4117647058823529,
            "ド": 0.4117647058823529,
            "ラ": 0.17647058823529413
        },
        "('シ', 'シ')": {
            "ド": 0.25,
            "ミ": 0.15,
            "ソ": 0.05,
            "ラ": 0.05,
            "シ": 0.5
        },
        "('シ', 'ド')": {
            "ソ": 0.14285714285714285,
            "シ": 0.21428571428571427,
            "ド": 0.14285714285714285,
            "ミ": 0.07142857142857142,
            "レ": 0.42857142857142855
        },
        "('ミ', 'ド')": {
            "ミ": 0.25,
            "レ": 0.2916666666666667,
            "ド": 0.2916666666666667,
            "ファ": 0.041666666666666664,
            "ラ": 0.041666666666666664,
            "ソ": 0.08333333333333333
        },
        "('ファ', 'ファ')": {
            "ミ": 0.45714285714285713,
            "ラ": 0.05714285714285714,
            "ファ": 0.4,
            "レ": 0.02857142857142857,
            "ド": 0.05714285714285714
        },
        "('レ', 'ファ')": {
            "ミ": 0.4444444444444444,
            "ファ": 0.3333333333333333,
            "レ": 0.2222222222222222
        },
        "('ソ', 'ファ')": {
            "ソ": 0.17647058823529413,
            "ラ": 0.17647058823529413,
            "ミ": 0.29411764705882354,
            "ファ": 0.29411764705882354,
            "レ": 0.058823529411764705
        },
        "('ファ', 'ラ')": {
            "ソ": 0.6,
            "シ": 0.4
        },
        "('ソ', 'ド')": {
            "レ": 0.2413793103448276,
            "ド": 0.4482758620689655,
            "ラ": 0.13793103448275862,
            "ソ": 0.06896551724137931,
            "ミ": 0.06896551724137931,
            "シ": 0.034482758620689655
        },
        "('ラ', 'レ')": {
            "ミ": 0.75,
            "ド": 0.25
        },
        "('ミ', '＃ファ')": {
            "ソ": 0.5714285714285714,
            "＃ソ": 0.42857142857142855
        },
        "('＃ファ', 'ソ')": {
            "ラ": 0.6,
            "ミ": 0.2,
            "ソ": 0.2
        },
        "('シ', 'ミ')": {
            "＃ファ": 1.0
        },
        "('＃ファ', '＃ソ')": {
            "ラ": 1.0
        },