{
    "prefix_counts": {
        "ソ,ミ": 33,
        "ファ,レ": 5,
        "ド,レ": 35,
        "レ,ミ": 37,
        "ソ,ソ": 38,
        "ミ,ミ": 42,
        "レ,レ": 34,
        "ド,ミ": 9,
        "ミ,ソ": 18,
        "ミ,ファ": 18,
        "ファ,ミ": 20,
        "ミ,レ": 36,
        "ラ,ラ": 21,
        "ラ,ソ": 23,
        "ラ,シ": 7,
        "ミ,ド": 10,
        "ファ,ファ": 29,
        "ファ,ソ": 11,
        "ソ,ラ": 26,
        "ソ,ド": 7,
        "ラ,レ": 4,
        "ミ,＃ファ": 6,
        "＃ファ,ソ": 3,
        "シ,ミ": 3,
        "＃ファ,＃ソ": 3,
        "＃ソ,ラ": 3,
        "ド,シ": 8,
        "ラ,ファ": 6,
        "ファ,シ": 3,
        "ド,ド": 54,
        "ソ,ファ": 7,
        "レ,ファ": 2,
        "ファ,ラ": 1,
        "ド,ソ": 7,
        "レ,ド": 20,
        "ド,ラ": 9,
        "レ,ラ": 1,
        "ソ,シ": 1,
        "シ,ラ": 4,
        "ラ,＃ファ": 1,
        "ミ,ラ": 2,
        "ラ,ド": 7,
        "ソ,レ": 1,
        "レ,ソ": 2,
        "ファ,ド": 4,
        "シ,シ": 13,
        "シ,ド": 2,
        "レ,＃ド": 3,
        "＃ド,レ": 1
    },
    "transition_probabilities": {
        "ソ,ミ": {
            "ミ": 0.42424242424242425,
            "ソ": 0.21212121212121213,
            "ファ": 0.06060606060606061,
            "ド": 0.09090909090909091,
            "レ": 0.21212121212121213
        },
        "ファ,レ": {
            "レ": 1.0
        },
        "ド,レ": {
            "ミ": 0.6857142857142857,
            "ド": 0.22857142857142856,
            "ラ": 0.02857142857142857,
            "ソ": 0.02857142857142857,
            "レ": 0.02857142857142857
        },
        "レ,ミ": {
            "ファ": 0.32432432432432434,
            "ド": 0.16216216216216217,
            "＃ファ": 0.10810810810810811,
            "ラ": 0.02702702702702703,
            "ソ": 0.08108108108108109,
            "ミ": 0.1891891891891892,
            "レ": 0.10810810810810811
        },
        "ソ,ソ": {
            "ソ": 0.5263157894736842,
            "ミ": 0.21052631578947367,
            "ファ": 0.07894736842105263,
            "ド": 0.05263157894736842,
            "ラ": 0.13157894736842105
        },
        "ミ,ミ": {
            "ミ": 0.35714285714285715,
            "ソ": 0.21428571428571427,
            "レ": 0.30952380952380953,
            "ド": 0.047619047619047616,
            "ファ": 0.07142857142857142
        },
        "レ,レ": {
            "レ": 0.35294117647058826,
            "ラ": 0.029411764705882353,
            "ミ": 0.29411764705882354,
            "ド": 0.3235294117647059
        },
        "ド,ミ": {
            "ソ": 0.3333333333333333,
            "ミ": 0.5555555555555556,
            "ド": 0.1111111111111111
        },
        "ミ,ソ": {
            "ソ": 0.4444444444444444,
            "ド": 0.16666666666666666,
            "レ": 0.05555555555555555,
            "ラ": 0.2222222222222222,
            "ミ": 0.1111111111111111
        },
        "ミ,ファ": {
            "ソ": 0.6666666666666666,
            "ファ": 0.2777777777777778,
            "ミ": 0.05555555555555555
        },
        "ファ,ミ": {
            "レ": 0.7,
            "ミ": 0.25,
            "ファ": 0.05
        },
        "ミ,レ": {
            "ド": 0.6111111111111112,
            "ソ": 0.027777777777777776,
            "レ": 0.1388888888888889,
            "ミ": 0.1388888888888889,
            "＃ド": 0.05555555555555555,
            "ファ": 0.027777777777777776
        },
        "ラ,ラ": {
            "ラ": 0.19047619047619047,
            "シ": 0.09523809523809523,
            "ソ": 0.5714285714285714,
            "ド": 0.09523809523809523,
            "ファ": 0.047619047619047616
        },
        "ラ,ソ": {
            "ソ": 0.21739130434782608,
            "ファ": 0.13043478260869565,
            "ミ": 0.2608695652173913,
            "ラ": 0.2608695652173913,
            "ド": 0.08695652173913043,
            "レ": 0.043478260869565216
        },
        "ラ,シ": {
            "シ": 0.5714285714285714,
            "ラ": 0.42857142857142855
        },
        "ミ,ド": {
            "ミ": 0.3,
            "ド": 0.3,
            "ラ": 0.1,
            "レ": 0.2,
            "ソ": 0.1
        },
        "ファ,ファ": {
            "ミ": 0.3793103448275862,
            "ラ": 0.034482758620689655,
            "ファ": 0.4827586206896552,
            "レ": 0.034482758620689655,
            "ド": 0.06896551724137931
        },
        "ファ,ソ": {
            "ミ": 0.2727272727272727,
            "ラ": 0.6363636363636364,
            "ド": 0.09090909090909091
        },
        "ソ,ラ": {
            "ラ": 0.19230769230769232,
            "シ": 0.23076923076923078,
            "ソ": 0.5769230769230769
        },
        "ソ,ド": {
            "レ": 0.42857142857142855,
            "ド": 0.42857142857142855,
            "シ": 0.14285714285714285
        },
        "ラ,レ": {
            "ミ": 0.75,
            "ド": 0.25
        },
        "ミ,＃ファ": {
            "ソ": 0.5,
            "＃ソ": 0.5
        },
        "＃ファ,ソ": {
            "ラ": 1.0
        },
        "シ,ミ": {
            "＃ファ": 1.0
        },
        "＃ファ,＃ソ": {
            "ラ": 1.0
        },
        "＃ソ,ラ": {
            "シ": 1.0
        },
        "ド,シ": {
            "♭シ": 0.375,
            "ラ": 0.25,
            "ド": 0.375
        },
        "ラ,ファ": {
            "シ": 0.5,
            "ファ": 0.16666666666666666,
            "ド": 0.3333333333333333
        },
        "ファ,シ": {
            "ソ": 1.0
        },
        "ド,ド": {
            "シ": 0.037037037037037035,
            "レ": 0.18518518518518517,
            "ド": 0.4444444444444444,
            "ミ": 0.037037037037037035,
            "ソ": 0.07407407407407407,
            "ラ": 0.2222222222222222
        },
        "ソ,ファ": {
            "ミ": 0.7142857142857143,
            "ファ": 0.2857142857142857
        },
        "レ,ファ": {
            "ファ": 1.0
        },
        "ファ,ラ": {
            "シ": 1.0
        },
        "ド,ソ": {
            "ド": 0.14285714285714285,
            "ソ": 0.7142857142857143,
            "ラ": 0.14285714285714285
        },
        "レ,ド": {
            "ラ": 0.2,
            "ド": 0.25,
            "レ": 0.5,
            "ミ": 0.05
        },
        "ド,ラ": {
            "ド": 0.4444444444444444,
            "ソ": 0.4444444444444444,
            "ラ": 0.1111111111111111
        },
        "レ,ラ": {
            "ラ": 1.0
        },
        "ソ,シ": {
            "ラ": 1.0
        },
        "シ,ラ": {
            "＃ファ": 0.25,
            "ソ": 0.5,
            "ラ": 0.25
        },
        "ラ,＃ファ": {
            "ソ": 1.0
        },
        "ミ,ラ": {
            "ソ": 1.0
        },
        "ラ,ド": {
            "レ": 0.14285714285714285,
            "ラ": 0.2857142857142857,
            "ド": 0.5714285714285714
        },
        "ソ,レ": {
            "ミ": 1.0
        },
        "レ,ソ": {
            "ミ": 0.5,
            "ソ": 0.5
        },
        "ファ,ド": {
            "ド": 0.5,
            "シ": 0.25,
            "ラ": 0.25
        },
        "シ,シ": {
            "ラ": 0.07692307692307693,
            "シ": 0.7692307692307693,
            "ド": 0.15384615384615385
        },
        "シ,ド": {
            "レ": 1.0
        },
        "レ,＃ド": {
            "レ": 1.0
        },
        "＃ド,レ": {
            "ミ": 1.0
        }
    }
}